date_time,open,high,low,close,volume
01-01-2023,1.2574,1.2838,1.2399,1.2741,64743.07
02-01-2023,1.2741,1.3244,1.2508,1.3144,121355.97
03-01-2023,1.3144,1.3591,1.304,1.3355,105678.16
04-01-2023,1.3355,1.6244,1.3292,1.5492,618865.85
05-01-2023,1.5492,1.6482,1.5084,1.523,162223.44
06-01-2023,1.523,1.6134,1.4805,1.5934,130873.16
07-01-2023,1.5934,1.6004,1.5433,1.5612,51995.03
08-01-2023,1.5612,1.6586,1.5169,1.6424,117985.77
09-01-2023,1.6424,1.7222,1.6225,1.6419,284711.3
10-01-2023,1.6419,1.666,1.5937,1.6439,130072.02
11-01-2023,1.6439,1.8356,1.5552,1.823,420230.86
12-01-2023,1.823,1.8848,1.7145,1.831,492962.11
13-01-2023,1.831,2.0057,1.7792,1.9553,491496.62
14-01-2023,1.9553,2.3549,1.9462,2.2441,979398.35
15-01-2023,2.2441,2.2732,2.1046,2.2406,429034.95
16-01-2023,2.2406,2.4384,2.0691,2.1923,1029416.13
17-01-2023,2.1923,2.2648,2.1453,2.1546,494185.21
18-01-2023,2.1546,2.232,1.9571,1.9738,529042.96
19-01-2023,1.9738,2.1588,1.9712,2.1015,420537.96
20-01-2023,2.1015,2.403,2.0458,2.39,908794.37
21-01-2023,2.39,2.4736,2.3043,2.3225,502487.09
22-01-2023,2.3225,2.5941,2.3202,2.3995,540207.53
23-01-2023,2.3995,2.71,2.3974,2.5392,531351.1
24-01-2023,2.5392,2.6194,2.3143,2.3557,358806.81
25-01-2023,2.3557,2.63,2.2783,2.5417,571524.77
26-01-2023,2.5417,2.7183,2.494,2.5224,525590.11
27-01-2023,2.5224,2.587,2.3805,2.5577,460790.77
28-01-2023,2.5577,2.6817,2.4348,2.4776,328464.05
29-01-2023,2.4776,2.6051,2.4352,2.5695,310766.22
30-01-2023,2.5695,2.5805,2.2241,2.3082,391795.32
31-01-2023,2.3082,2.379,2.2736,2.3271,247566.43
01-02-2023,2.3271,2.4311,2.168,2.425,307910.99
02-02-2023,2.425,2.5733,2.4056,2.4425,431501.6
03-02-2023,2.4425,2.5161,2.4003,2.5022,252282.63
04-02-2023,2.5022,2.5781,2.4269,2.5007,234722.62
05-02-2023,2.5007,2.5546,2.3325,2.3876,310204.99
06-02-2023,2.3876,2.427,2.2832,2.308,156755.25
07-02-2023,2.308,2.5109,2.3058,2.4914,298697.47
08-02-2023,2.4914,2.844,2.4746,2.6391,1114255.66
09-02-2023,2.6391,2.643,2.1916,2.2678,850115.86
10-02-2023,2.2678,2.3064,2.1979,2.2491,334249.51
11-02-2023,2.2491,2.296,2.2066,2.2866,128307.02
12-02-2023,2.2866,2.4129,2.1939,2.237,411308.66
13-02-2023,2.237,2.2523,2.0928,2.1866,236526.11
14-02-2023,2.1866,2.2599,2.1157,2.246,332172.21
15-02-2023,2.246,2.5276,2.2074,2.5145,488314.43
16-02-2023,2.5145,2.5556,2.3024,2.3123,635377.45
17-02-2023,2.3123,2.484,2.2987,2.4571,334312.46
18-02-2023,2.4571,2.699,2.4571,2.5747,557559.79
19-02-2023,2.5747,2.69,2.512,2.5813,488066.64
20-02-2023,2.5813,2.764,2.477,2.703,439576.87
21-02-2023,2.703,2.7152,2.4879,2.5665,492303.18
22-02-2023,2.5665,2.5717,2.4,2.5054,303299.45
23-02-2023,2.5054,2.5627,2.4157,2.4695,264123.95
24-02-2023,2.4695,2.4883,2.2547,2.3124,440953.05
25-02-2023,2.3124,2.3357,2.1945,2.2893,284262.83
26-02-2023,2.2893,2.3847,2.2701,2.3767,241276.01
27-02-2023,2.3767,2.4234,2.25,2.3461,246121.84
28-02-2023,2.3461,2.3542,2.2134,2.2293,172697.01
01-03-2023,2.2293,2.3654,2.2044,2.3193,240528.97
02-03-2023,2.3193,2.3311,2.2087,2.2582,152855.27
03-03-2023,2.2582,2.2582,2.0313,2.0989,259277.9
04-03-2023,2.0989,2.1169,1.98,2.051,152213.28
05-03-2023,2.051,2.1149,2.0188,2.0318,120699.39
06-03-2023,2.0318,2.0793,1.985,2.0559,97267.79
07-03-2023,2.0559,2.0935,1.945,2.0062,171119.01
08-03-2023,2.0062,2.0137,1.8175,1.8401,274206.44
09-03-2023,1.8401,1.92,1.7291,1.7902,531100.29
10-03-2023,1.7902,1.8114,1.6722,1.7979,562347.49
11-03-2023,1.7979,1.8584,1.692,1.7972,396445.55
12-03-2023,1.7972,1.9594,1.6272,1.9382,280437
13-03-2023,1.9382,2.1373,1.8938,2.0351,561453.45
14-03-2023,2.0351,2.21,1.9746,2.117,326507.08
15-03-2023,2.117,2.1539,1.8666,1.924,352829.98
16-03-2023,1.924,1.9786,1.8909,1.9636,278395.51
17-03-2023,1.9636,2.1636,1.9356,2.1608,375196.71
18-03-2023,2.1608,2.2132,2.063,2.0792,345344.55
19-03-2023,2.0792,2.2021,2.0787,2.133,374062.22
20-03-2023,2.133,2.224,1.9687,1.9938,705183.42
21-03-2023,1.9938,2.0814,1.9236,2.0702,346993.53
22-03-2023,2.0702,2.078,1.8751,1.9448,310529.59
23-03-2023,1.9448,2.0728,1.922,2.0476,222987.39
24-03-2023,2.0476,2.0506,1.9285,1.9629,351096.29
25-03-2023,1.9629,1.9967,1.893,1.9241,117954.9
26-03-2023,1.9241,1.9829,1.9151,1.9593,101116.87
27-03-2023,1.9593,1.9662,1.8146,1.846,410020.89
28-03-2023,1.846,2.0858,1.8099,1.8842,226744.34
29-03-2023,1.8842,2.0029,1.8781,1.999,405981.43
30-03-2023,1.999,2.0378,1.9022,1.9268,309930.59
31-03-2023,1.9268,2.0112,1.8874,1.9901,274624.86
01-04-2023,1.9901,2.0105,1.958,1.9882,139349.44
02-04-2023,1.9882,2.0105,1.8887,1.919,164759.3
03-04-2023,1.919,2.0233,1.8542,1.9481,358105.81
04-04-2023,1.9481,2.0124,1.9174,1.9951,254897.95
05-04-2023,1.9951,2.0812,1.9864,2.0273,450491.41
06-04-2023,2.0273,2.0306,1.9438,1.9864,244799.58
07-04-2023,1.9864,2.0287,1.9521,2.0168,277902.15
08-04-2023,2.0168,2.0201,1.9535,1.9704,125300.71
09-04-2023,1.9704,2.039,1.9307,2.0081,128462.48
10-04-2023,2.0081,2.0702,1.9677,2.0696,250848.26
11-04-2023,2.0696,2.1058,2.0409,2.0554,344872.76
12-04-2023,2.0554,2.244,1.9703,2.2232,1359502.12
13-04-2023,2.2232,2.2262,2.1592,2.2046,519651.73
14-04-2023,2.2046,2.2785,2.1536,2.2211,615813.85
15-04-2023,2.2211,2.4075,2.175,2.3157,993682.77
16-04-2023,2.3157,2.3573,2.2665,2.3245,652114.75
17-04-2023,2.3245,2.3385,2.2343,2.2884,634915.21
18-04-2023,2.2884,2.4,2.2406,2.346,625244.24
19-04-2023,2.346,2.4024,2.0908,2.1483,1077905.58
20-04-2023,2.1483,2.1991,2.0215,2.0458,564081.68
21-04-2023,2.0458,2.067,1.8829,1.9276,452757.74
22-04-2023,1.9276,1.952,1.8964,1.9458,219524.27
23-04-2023,1.9458,1.9506,1.8437,1.9127,421297.19
24-04-2023,1.9127,1.944,1.85,1.8843,265195.68
25-04-2023,1.8843,1.9873,1.843,1.9617,283753.72
26-04-2023,1.9617,2.0271,1.7824,1.8909,714791.52
27-04-2023,1.8909,1.9564,1.8759,1.9235,605823.25
28-04-2023,1.9235,1.9408,1.8739,1.9173,274076.23
29-04-2023,1.9173,1.9592,1.9134,1.9378,213023.19
30-04-2023,1.9378,1.9872,1.8939,1.9302,190146.46
01-05-2023,1.9302,1.9547,1.8015,1.8378,1347679.44
02-05-2023,1.8378,1.8526,1.8116,1.8353,204904.64
03-05-2023,1.8353,1.9267,1.7803,1.8985,317223.25
04-05-2023,1.8985,1.9003,1.8254,1.8416,329140.61
05-05-2023,1.8416,1.89,1.8088,1.8673,344035.15
06-05-2023,1.8673,1.8804,1.741,1.7692,405010.36
07-05-2023,1.7692,1.7848,1.728,1.7352,231258.83
08-05-2023,1.7352,1.7463,1.5672,1.6428,765069.61
09-05-2023,1.6428,1.65,1.6059,1.622,399121.73
10-05-2023,1.622,1.6859,1.5534,1.6603,625053.54
11-05-2023,1.6603,1.6612,1.555,1.596,284183.59
12-05-2023,1.596,1.6551,1.5412,1.6477,739594.44
13-05-2023,1.6477,1.6723,1.6151,1.6584,240134.97
14-05-2023,1.6584,1.6765,1.639,1.6564,444376.55
15-05-2023,1.6564,1.7048,1.6344,1.6562,241283.81
16-05-2023,1.6562,1.6699,1.6277,1.659,123485.93
17-05-2023,1.659,1.7174,1.6405,1.6991,139190.11
18-05-2023,1.6991,1.7014,1.6244,1.656,133563.6
19-05-2023,1.656,1.692,1.6529,1.6651,87960.57
20-05-2023,1.6651,1.6684,1.6496,1.6614,68518.5
21-05-2023,1.6614,1.6665,1.6086,1.6086,68410.05
22-05-2023,1.6086,1.628,1.5731,1.612,100773.54
23-05-2023,1.612,1.6776,1.6014,1.6417,126060.62
24-05-2023,1.6417,1.6426,1.549,1.5699,240889.09
25-05-2023,1.5699,1.5828,1.5287,1.5628,581652.66
26-05-2023,1.5628,1.5967,1.5292,1.5768,549785.29
27-05-2023,1.5768,1.6551,1.5725,1.6307,108951.27
28-05-2023,1.6307,1.688,1.6243,1.6662,80695.26
29-05-2023,1.6662,1.6773,1.6178,1.6272,381106.4
30-05-2023,1.6272,1.6467,1.6035,1.6102,199892.7
31-05-2023,1.6102,1.62,1.5452,1.5638,249730.27
01-06-2023,1.5638,1.5777,1.5319,1.5453,217628.66
02-06-2023,1.5453,1.6276,1.5347,1.613,204614.89
03-06-2023,1.613,1.6397,1.5967,1.6161,156163.61
04-06-2023,1.6161,1.6488,1.6049,1.6165,144173.15
05-06-2023,1.6165,1.6579,1.4379,1.499,643721.34
06-06-2023,1.499,1.5395,1.4478,1.5323,534369.16
07-06-2023,1.5323,1.5329,1.4025,1.4141,247284.9
08-06-2023,1.4141,1.4256,1.3851,1.4161,198096.09
09-06-2023,1.4161,1.4343,1.3686,1.3852,133093.95
10-06-2023,1.3852,1.3866,1.1178,1.2025,758174.16
11-06-2023,1.2025,1.238,1.1859,1.2072,232008.48
12-06-2023,1.2072,1.2157,1.1657,1.2004,114598.83
13-06-2023,1.2004,1.2446,1.1864,1.1992,136672.25
14-06-2023,1.1992,1.2433,1.1544,1.1762,212253.78
15-06-2023,1.1762,1.2242,1.1606,1.1959,158859.01
16-06-2023,1.1959,1.2389,1.1783,1.215,124232.17
17-06-2023,1.215,1.2802,1.205,1.2571,120851.9
18-06-2023,1.2571,1.2781,1.2152,1.2347,95844.86
19-06-2023,1.2347,1.2425,1.1964,1.2419,147050.67
20-06-2023,1.2419,1.3101,1.2177,1.3,241518.17
21-06-2023,1.3,1.3593,1.2942,1.3419,586151.83
22-06-2023,1.3419,1.3812,1.3118,1.3253,283578.22
23-06-2023,1.3253,1.4078,1.3194,1.3808,170070.39
24-06-2023,1.3808,1.4596,1.3783,1.4143,179702.82
25-06-2023,1.4143,1.4629,1.3913,1.3985,159356.29
26-06-2023,1.3985,1.6308,1.353,1.4868,1137429.2
27-06-2023,1.4868,1.5079,1.4476,1.4757,255328.02
28-06-2023,1.4757,1.4772,1.3297,1.3626,222994.62
29-06-2023,1.3626,1.3968,1.3382,1.3497,335011.13
30-06-2023,1.3497,1.4465,1.2773,1.3863,444236.68
01-07-2023,1.3863,1.4893,1.355,1.4869,194625.84
02-07-2023,1.4869,1.4878,1.4155,1.4654,193463.8
03-07-2023,1.4654,1.4865,1.43,1.4567,356492.45
04-07-2023,1.4567,1.4567,1.3835,1.3989,174505.43
05-07-2023,1.3989,1.416,1.3359,1.3543,143900.98
06-07-2023,1.3543,1.3936,1.2855,1.3095,201470.28
07-07-2023,1.3095,1.3692,1.2962,1.3325,157415.2
08-07-2023,1.3325,1.4,1.3284,1.384,204964.96
09-07-2023,1.384,1.3989,1.3178,1.327,192079.21
10-07-2023,1.327,1.3601,1.2867,1.3303,168631.47
11-07-2023,1.3303,1.3543,1.3059,1.3303,113312.23
12-07-2023,1.3303,1.3701,1.3062,1.3287,188290.02
13-07-2023,1.3287,1.508,1.3138,1.4639,529046.77
14-07-2023,1.4639,1.5964,1.4478,1.5,689344.28
15-07-2023,1.5,1.5275,1.46,1.4908,128915.4
16-07-2023,1.4908,1.5109,1.4372,1.4424,142719.58
17-07-2023,1.4424,1.506,1.426,1.4991,306539.21
18-07-2023,1.4991,1.5126,1.4409,1.4696,150632.62
19-07-2023,1.4696,1.5198,1.4473,1.4658,217939.22
20-07-2023,1.4658,1.6053,1.4582,1.5291,354123.39
21-07-2023,1.5291,1.5323,1.4748,1.4802,98894.93
22-07-2023,1.4802,1.4893,1.426,1.4431,107405.37
23-07-2023,1.4431,1.4786,1.4352,1.455,91751.9
24-07-2023,1.455,1.4641,1.35,1.3788,153806.45
25-07-2023,1.3788,1.3817,1.3304,1.3489,85363.44
26-07-2023,1.3489,1.3794,1.3178,1.3666,127082.78
27-07-2023,1.3666,1.3914,1.351,1.3808,181999.22
28-07-2023,1.3808,1.4054,1.3711,1.3894,97975.47
29-07-2023,1.3894,1.4138,1.387,1.4064,50399.78
30-07-2023,1.4064,1.4198,1.3623,1.3945,76208.9
31-07-2023,1.3945,1.417,1.3518,1.3708,81971.16
01-08-2023,1.3708,1.4165,1.325,1.4152,135208.83
02-08-2023,1.4152,1.4236,1.3752,1.3998,271937.85
03-08-2023,1.3998,1.4181,1.3514,1.3614,102020.94
04-08-2023,1.3614,1.3663,1.3276,1.3395,130945.46
05-08-2023,1.3395,1.3576,1.3316,1.3533,76323.55
06-08-2023,1.3533,1.3715,1.3359,1.3383,51037.35
07-08-2023,1.3383,1.3636,1.3045,1.3409,84037.82
08-08-2023,1.3409,1.3741,1.3239,1.3624,157147.46
09-08-2023,1.3624,1.3743,1.335,1.3499,105523.47
10-08-2023,1.3499,1.3523,1.328,1.3355,109402.7
11-08-2023,1.3355,1.34,1.321,1.3332,84141.44
12-08-2023,1.3332,1.357,1.3293,1.3432,101205.19
13-08-2023,1.3432,1.3582,1.334,1.3398,50851.19
14-08-2023,1.3398,1.3545,1.3296,1.3367,72695.96
15-08-2023,1.3367,1.3422,1.223,1.2817,150891.22
16-08-2023,1.2817,1.2905,1.1812,1.2084,251459.68
17-08-2023,1.2084,1.2286,1.0201,1.1195,329575.48
18-08-2023,1.1195,1.1541,1.1116,1.141,172528.91
19-08-2023,1.141,1.19,1.1291,1.1634,112312.92
20-08-2023,1.1634,1.176,1.1483,1.1688,98441.81
21-08-2023,1.1688,1.1737,1.1096,1.1318,128143.05
22-08-2023,1.1318,1.1711,1.095,1.1711,181019.16
23-08-2023,1.1711,1.2313,1.1442,1.2091,193386.39
24-08-2023,1.2091,1.2174,1.1713,1.1947,96225.21
25-08-2023,1.1947,1.2139,1.1591,1.1894,118814.69
26-08-2023,1.1894,1.2081,1.1872,1.1917,57383.07
27-08-2023,1.1917,1.2302,1.17,1.179,108476.5
28-08-2023,1.179,1.2,1.1478,1.1948,73924.32
29-08-2023,1.1948,1.255,1.1626,1.2274,221355.19
30-08-2023,1.2274,1.2504,1.1874,1.2042,104105.9
31-08-2023,1.2042,1.2042,1.13,1.154,136974.63
01-09-2023,1.154,1.1643,1.1145,1.128,126194.43
02-09-2023,1.128,1.134,1.107,1.121,33349.56
03-09-2023,1.121,1.135,1.1143,1.1256,60108.35
04-09-2023,1.1256,1.1477,1.1099,1.127,112423.77
05-09-2023,1.127,1.1566,1.111,1.1285,63060.89
06-09-2023,1.1285,1.145,1.1071,1.1313,95082.27
07-09-2023,1.1313,1.1549,1.1237,1.1533,126526.24
08-09-2023,1.1533,1.1645,1.1271,1.152,73777.28
09-09-2023,1.152,1.1887,1.1481,1.1656,124666.33
10-09-2023,1.1656,1.1686,1.1049,1.1495,226993.12
11-09-2023,1.1495,1.1545,1.0832,1.1024,184181.19
12-09-2023,1.1024,1.1335,1.0662,1.0696,130270.25
13-09-2023,1.0696,1.1054,1.0676,1.0903,160786.73
14-09-2023,1.0903,1.1191,1.0845,1.1083,83122.7
15-09-2023,1.1083,1.1329,1.0961,1.1296,134383.74
16-09-2023,1.1296,1.1421,1.1176,1.1292,109834.66
17-09-2023,1.1292,1.1292,1.075,1.0954,234747.61
18-09-2023,1.0954,1.1299,1.0793,1.101,181373.68
19-09-2023,1.101,1.1323,1.0908,1.1219,87161.14
20-09-2023,1.1219,1.133,1.098,1.1215,152766.21
21-09-2023,1.1215,1.1534,1.1016,1.1274,272965.08
22-09-2023,1.1274,1.133,1.1035,1.1224,77847.31
23-09-2023,1.1224,1.1255,1.1078,1.1153,118090.27
24-09-2023,1.1153,1.1153,1.09,1.0956,115351.56
25-09-2023,1.0956,1.115,1.083,1.1015,42789.08
26-09-2023,1.1015,1.1064,1.0725,1.081,162402.77
27-09-2023,1.081,1.0989,1.0581,1.0767,99662.48
28-09-2023,1.0767,1.1109,1.0592,1.1071,201831.98
29-09-2023,1.1071,1.1283,1.096,1.1221,182157.6
30-09-2023,1.1221,1.1484,1.1201,1.1347,160549.87
01-10-2023,1.1347,1.1711,1.1286,1.1617,115246.7
02-10-2023,1.1617,1.1711,1.1023,1.1155,250713.62
03-10-2023,1.1155,1.1249,1.0937,1.101,166893.18
04-10-2023,1.101,1.1053,1.06,1.1003,293611.99
05-10-2023,1.1003,1.112,1.0721,1.0741,144431.41
06-10-2023,1.0741,1.1046,1.0741,1.0931,109300.9
07-10-2023,1.0931,1.1093,1.0833,1.0902,105956.7
08-10-2023,1.0902,1.101,1.0767,1.0929,101978.14
09-10-2023,1.0929,1.0974,1.0166,1.0409,180256.14
10-10-2023,1.0409,1.0579,1.031,1.0428,113818.44
11-10-2023,1.0428,1.0451,1.0083,1.0284,109305.39
12-10-2023,1.0284,1.0415,0.9981,1.013,166537.33
13-10-2023,1.013,1.0215,0.9981,1.0097,125488.72
14-10-2023,1.0097,1.0181,1.0046,1.0109,113841.06
15-10-2023,1.0109,1.0352,1.0083,1.0252,134433.29
16-10-2023,1.0252,1.0704,1.0211,1.0328,225724.22
17-10-2023,1.0328,1.0412,0.997,1.0084,184397.76
18-10-2023,1.0084,1.0209,0.9856,0.9989,196358.35
19-10-2023,0.9989,1.0019,0.9712,0.9864,258217.22
20-10-2023,0.9864,1.0208,0.9823,1.0062,232696.19
21-10-2023,1.0062,1.0504,0.9991,1.0412,217368.24
22-10-2023,1.0412,1.0574,1.0195,1.0569,204063.15
23-10-2023,1.0569,1.1123,1.0467,1.1008,576523.49
24-10-2023,1.1008,1.1765,1.089,1.1381,964970.29
25-10-2023,1.1381,1.1648,1.1061,1.143,529274.24
26-10-2023,1.143,1.2184,1.1348,1.192,681317.69
27-10-2023,1.192,1.2599,1.1581,1.2205,563346.04
28-10-2023,1.2205,1.265,1.211,1.2198,254433.25
29-10-2023,1.2198,1.2772,1.1972,1.2772,294002.34
30-10-2023,1.2772,1.3248,1.2474,1.3216,385942.77
31-10-2023,1.3216,1.3362,1.2472,1.3313,440979.08
01-11-2023,1.3313,1.566,1.3227,1.5256,1393366.08
02-11-2023,1.5256,1.5689,1.4462,1.5225,827565.83
03-11-2023,1.5225,1.56,1.4471,1.4752,748134.39
04-11-2023,1.4752,1.5337,1.4567,1.511,484335.83
05-11-2023,1.511,1.6766,1.4896,1.6348,1166684.16
06-11-2023,1.6348,1.676,1.556,1.5856,647998
07-11-2023,1.5856,1.5856,1.4079,1.4457,811222.05
08-11-2023,1.4457,1.4937,1.4173,1.469,709608.88
09-11-2023,1.469,1.5657,1.287,1.4372,1273059.46
10-11-2023,1.4372,1.5839,1.4003,1.5537,841373.12
11-11-2023,1.5537,1.635,1.4708,1.5986,950145.01
12-11-2023,1.5986,1.8,1.5222,1.7018,1207943.36
13-11-2023,1.7018,1.746,1.5897,1.5906,901551.15
14-11-2023,1.5906,1.6256,1.4507,1.5367,1273879.12
15-11-2023,1.5367,1.7393,1.5333,1.7005,1177023.11
16-11-2023,1.7005,1.8586,1.6271,1.7232,1255954.11
17-11-2023,1.7232,1.9497,1.7136,1.8721,1540994.47
18-11-2023,1.8721,1.8981,1.678,1.7701,949942.46
19-11-2023,1.7701,2.0528,1.7136,1.9813,1260332.03
20-11-2023,1.9813,2.1865,1.9624,1.9946,1927670.93
21-11-2023,1.9946,2.0504,1.73,1.7498,1877090.85
22-11-2023,1.7498,1.8696,1.7429,1.8235,1091276.75
23-11-2023,1.8235,1.8554,1.7677,1.806,1042576.3
24-11-2023,1.806,1.9162,1.7747,1.8333,862944.09
25-11-2023,1.8333,1.9117,1.8189,1.8859,575890.45
26-11-2023,1.8859,1.9158,1.7848,1.828,867440.51
27-11-2023,1.828,1.8329,1.732,1.7808,476187.83
28-11-2023,1.7808,1.8256,1.7302,1.8195,581131.02
29-11-2023,1.8195,1.8909,1.7933,1.8009,560702.59
30-11-2023,1.8009,1.8896,1.7855,1.8803,348370.26
01-12-2023,1.8803,1.9091,1.8543,1.8929,541172.36
02-12-2023,1.8929,2.0327,1.89,2.0076,882744.4
03-12-2023,2.0076,2.0255,1.9523,1.9798,433490.83
04-12-2023,1.9798,2.195,1.9784,2.1492,1048642
05-12-2023,2.1492,2.3199,2.1332,2.2541,984530.71
06-12-2023,2.2541,2.3964,2.2401,2.285,949035.52
07-12-2023,2.285,2.375,2.2102,2.2679,808819.32
08-12-2023,2.2679,2.394,2.19,2.3768,1093032.26
09-12-2023,2.3768,2.616,2.3764,2.4211,1277056.48
10-12-2023,2.4211,2.5967,2.3828,2.5175,783662.98
11-12-2023,2.5175,2.5432,2.1502,2.2405,1478284.76
12-12-2023,2.2405,2.4668,2.2236,2.305,1358812.01
13-12-2023,2.305,2.3424,2.0831,2.3272,898456
14-12-2023,2.3272,2.355,2.1627,2.3215,952460.21
15-12-2023,2.3215,2.3261,2.1827,2.1932,864349.91
16-12-2023,2.1932,2.445,2.161,2.3896,925298.09
17-12-2023,2.3896,2.4826,2.2605,2.2661,771506.76
18-12-2023,2.2661,2.3165,2.067,2.29,1387490.99
19-12-2023,2.29,2.4975,2.2626,2.4313,2345424.64
20-12-2023,2.4313,3.1,2.4227,2.846,4497450.15
21-12-2023,2.846,3.6186,2.7804,3.5357,4622001.34
22-12-2023,3.5357,3.8024,3.2719,3.3586,2737157.01
23-12-2023,3.3586,3.9795,3.2015,3.903,2128959.34
24-12-2023,3.903,4.1,3.592,3.7973,2535784.8
25-12-2023,3.7973,4.372,3.64,4.2477,2849282.74
26-12-2023,4.2477,4.6399,3.9415,4.2995,3264888.71
27-12-2023,4.2995,4.3989,3.9883,4.0838,1880907.54
28-12-2023,4.0838,4.3209,3.728,3.7561,2327599.71
29-12-2023,3.7561,3.9711,3.5233,3.6205,1855909.17
30-12-2023,3.6205,3.779,3.5385,3.6734,1319113.56
31-12-2023,3.6734,3.8848,3.5221,3.6494,1292956.16
01-01-2024,3.6494,3.8341,3.5685,3.7936,967779.76
02-01-2024,3.7936,4.3294,3.7411,3.9238,2330185.73
03-01-2024,3.9238,4.09,2.7808,3.7699,3037272.44
04-01-2024,3.7699,4.0511,3.5722,3.9099,1586351.65
05-01-2024,3.9099,3.95,3.4468,3.5527,1155073.16
06-01-2024,3.5527,3.7059,3.1,3.4752,1471759.21
07-01-2024,3.4752,3.538,3.1528,3.2145,861188.17
08-01-2024,3.2145,3.4815,2.9209,3.4164,1519882.64
09-01-2024,3.4164,3.5399,3.024,3.22,1788144
10-01-2024,3.22,3.6824,3.08,3.601,1876719.49
11-01-2024,3.601,3.84,3.5062,3.6107,2868897.6
12-01-2024,3.6107,3.6785,3.3016,3.4575,1325578.07
13-01-2024,3.4575,3.5177,3.2976,3.4053,460568.32
14-01-2024,3.4053,3.5192,3.2923,3.3065,866302.19
15-01-2024,3.3065,3.424,3.2365,3.3014,721682.08
16-01-2024,3.3014,3.3467,3.1747,3.2395,782967.43
17-01-2024,3.2395,3.4,3.1576,3.3099,1180915.07
18-01-2024,3.3099,3.3768,2.9917,3.0827,1425451.3
19-01-2024,3.0827,3.0994,2.7845,3.0099,1431075.05
20-01-2024,3.0099,3.0099,2.8663,2.9663,712508.18
21-01-2024,2.9663,3.0442,2.9172,2.9235,470283.9
22-01-2024,2.9235,2.9471,2.5905,2.6477,1505500.41
23-01-2024,2.6477,2.7285,2.45,2.6507,1851341.33
24-01-2024,2.6507,2.6967,2.5445,2.6808,1292307.72
25-01-2024,2.6808,2.7447,2.6044,2.6999,726757.52
26-01-2024,2.6999,3.0049,2.646,2.9172,1579789.03
27-01-2024,2.9172,2.963,2.8268,2.9134,821475.99
28-01-2024,2.9134,3.0755,2.8613,2.8807,1487415.09
29-01-2024,2.8807,3.0622,2.8549,3.0074,1015381.33
30-01-2024,3.0074,3.2317,2.959,3.0128,1719588.89
31-01-2024,3.0128,3.0291,2.787,2.8205,1404647.15
01-02-2024,2.8205,2.8795,2.728,2.8557,698151.96
02-02-2024,2.8557,2.9464,2.832,2.8987,672165.63
03-02-2024,2.8987,2.9471,2.7965,2.8174,513448.33
04-02-2024,2.8174,2.8185,2.7479,2.7544,610385.98
05-02-2024,2.7544,2.8149,2.6958,2.7515,777329.45
06-02-2024,2.7515,2.7798,2.6754,2.7378,731084.31
07-02-2024,2.7378,2.893,2.6845,2.8718,875483.73
08-02-2024,2.8718,3.0009,2.8711,2.9233,1292726.23
09-02-2024,2.9233,3.0556,2.9215,2.9954,1289885.46
10-02-2024,2.9954,3.1469,2.9626,3.0429,929914.25
11-02-2024,3.0429,3.2165,3.0352,3.125,1727392.83
12-02-2024,3.125,3.3994,3.0677,3.3813,2098638.52
13-02-2024,3.3813,3.4465,3.161,3.2162,2376590.32
14-02-2024,3.2162,3.4546,3.168,3.3342,4083835.25
15-02-2024,3.3342,3.4102,3.2642,3.3977,4438784.72
16-02-2024,3.3977,3.5452,3.1717,3.2793,2498224.94
17-02-2024,3.2793,3.3485,3.1334,3.3289,2922052.39
18-02-2024,3.3289,3.5821,3.2623,3.5206,5898550.58
19-02-2024,3.5206,3.6178,3.448,3.5305,6331052.58
20-02-2024,3.5305,3.5547,3.2363,3.3959,7268099.79
21-02-2024,3.3959,3.3974,3.0865,3.2412,2323843.9
22-02-2024,3.2412,3.3497,3.1172,3.2498,1363566.71
23-02-2024,3.2498,3.43,3.1476,3.3646,2009834.72
24-02-2024,3.3646,3.9322,3.294,3.8624,3236300.74
25-02-2024,3.8624,3.8783,3.6563,3.7044,2038451.22
26-02-2024,3.7044,4.1989,3.6456,4.0963,4855938.76
27-02-2024,4.0963,4.1464,3.8445,3.9419,5442789.89
28-02-2024,3.9419,4.1,3.4426,3.8986,7138554.16
29-02-2024,3.8986,4.0915,3.7177,3.8774,7098516.77
01-03-2024,3.8774,4.1247,3.8729,3.955,6816913.44
02-03-2024,3.955,4.4955,3.8758,4.4825,8086296.96
03-03-2024,4.4825,4.5205,3.8126,4.4344,5665352.76
04-03-2024,4.4344,4.7807,4.2168,4.3401,9047604.34
05-03-2024,4.3401,4.4798,3.4183,4.2451,8466373.7
06-03-2024,4.2451,5.9435,4.0004,5.8939,10858621.34
07-03-2024,5.8939,6.189,5.422,5.523,7207832.77
08-03-2024,5.523,5.7582,5.0831,5.7463,6865392.71
09-03-2024,5.7463,6.49,5.6001,6.1886,5456404.42
10-03-2024,6.1886,6.3,5.751,5.947,4467334.11
11-03-2024,5.947,7.32,5.581,6.6823,9343963.47
12-03-2024,6.6823,8.09,6.6346,8.0733,8284221.42
13-03-2024,8.0733,8.5337,7.6011,7.7623,7786205.32
14-03-2024,7.7623,8.9146,7.6028,8.8575,11999055.01
15-03-2024,8.8575,9.0136,7.0551,7.4845,14555855.51
16-03-2024,7.4845,7.981,6.5121,6.7193,11456849.64
17-03-2024,6.7193,8.4428,6.6263,8.2435,12593444.65
18-03-2024,8.2435,8.5957,6.8565,7.0249,13812563.84
19-03-2024,7.0249,7.1118,6.206,6.3552,10505481.26
20-03-2024,6.3552,7.006,6.0102,6.91,9525615.09
21-03-2024,6.91,7,6.4124,6.4467,4827690.82
22-03-2024,6.4467,6.8426,6.2118,6.4915,5276514.88
23-03-2024,6.4915,6.7978,6.3616,6.6171,3412344.36
24-03-2024,6.6171,7.0125,6.4264,7.0036,3290753.23
25-03-2024,7.0036,7.7651,6.9732,7.4549,6373078.4
26-03-2024,7.4549,8.0897,7.4225,7.6618,7705336.95
27-03-2024,7.6618,7.9027,7.0982,7.2544,7627086.17
28-03-2024,7.2544,7.445,7.1138,7.1917,3968829.78
29-03-2024,7.1917,7.2035,6.85,6.9723,2571272.46
30-03-2024,6.9723,7.3205,6.9068,6.9372,2814119.33
31-03-2024,6.9372,7.362,6.905,7.293,2189178.08
01-04-2024,7.293,7.3725,6.5684,6.7361,3932680.08
02-04-2024,6.7361,6.7361,6.1073,6.2152,4521268.39
03-04-2024,6.2152,6.906,5.9946,6.5959,7737145.34
04-04-2024,6.5959,7.0345,6.32,6.7251,6061281.63
05-04-2024,6.7251,7.4972,6.4758,7.2212,6964020.31
06-04-2024,7.2212,7.3059,6.9009,7.0214,2879430.8
07-04-2024,7.0214,7.1422,6.8189,6.9131,2181830.63
08-04-2024,6.9131,7.5759,6.8357,7.3598,4589607.88
09-04-2024,7.3598,7.6974,7.1705,7.2291,5082172.24
10-04-2024,7.2291,7.3196,6.6434,6.9836,3577202.63
11-04-2024,6.9836,7.3321,6.7331,6.7942,4056894.09
12-04-2024,6.7942,6.9177,5,5.7879,7821968.01
13-04-2024,5.7879,5.8594,4.2056,5.2167,13077997.79
14-04-2024,5.2167,5.7399,4.9199,5.7205,9166688.66
15-04-2024,5.7205,5.8621,4.9898,5.2211,6337692.04
16-04-2024,5.2211,5.5443,4.9022,5.4924,4545512.27
17-04-2024,5.4924,5.6629,5.1863,5.4099,4495354.91
18-04-2024,5.4099,5.8879,5.223,5.7049,5384484.17
19-04-2024,5.7049,5.8681,5.226,5.5874,5168797.84
20-04-2024,5.5874,6.2571,5.5044,6.2184,3205738.64
21-04-2024,6.2184,6.5005,6.0529,6.4471,3423842.57
22-04-2024,6.4471,7.2482,6.345,7.0273,4875401.07
23-04-2024,7.0273,7.2744,6.841,6.89,4119440.91
24-04-2024,6.89,7.3352,6.7045,6.8602,5762382.28
25-04-2024,6.8602,7.2391,6.6061,7.1284,5716995.01
26-04-2024,7.1284,7.56,6.894,6.9266,7302222.21
27-04-2024,6.9266,7.6464,6.6988,7.1409,8512411.72
28-04-2024,7.1409,7.4551,7.024,7.0452,4119304.9
29-04-2024,7.0452,7.1112,6.6747,6.8666,2961447.8
30-04-2024,6.8666,6.9533,5.8453,6.1906,5765382.8
01-05-2024,6.1906,6.4332,5.71,6.1416,6510108.3
02-05-2024,6.1416,6.2136,5.866,6.0846,3689261.99
03-05-2024,6.0846,6.9322,6.0271,6.87,4339018.22
04-05-2024,6.87,6.9879,6.7842,6.8643,2041806.5
05-05-2024,6.8643,7.5342,6.6913,7.4903,3798700.19
06-05-2024,7.4903,7.6003,7.164,7.3102,3542903.05
07-05-2024,7.3102,7.94,7.1116,7.1177,4950168.96
08-05-2024,7.1177,7.2981,6.7845,6.808,3111268.54
09-05-2024,6.808,7.5019,6.8042,7.4794,3552082.34
10-05-2024,7.4794,7.6503,7.1197,7.253,3912981.76
11-05-2024,7.253,7.3324,6.9961,7.0235,2585150.91
12-05-2024,7.0235,7.0704,6.8332,6.8862,1655126.43
13-05-2024,6.8862,7.3796,6.5476,7.2917,4374403.3
14-05-2024,7.2917,7.4,6.9308,7.0222,4186136.47
15-05-2024,7.0222,8.0931,6.8906,8.0531,6207802.94
16-05-2024,8.0531,8.2983,7.8518,8.0155,4314173.72
17-05-2024,8.0155,8.5272,7.9119,8.0377,4365575.06
18-05-2024,8.0377,8.12,7.79,7.9213,1657316.26
19-05-2024,7.9213,7.9968,7.6662,7.7779,1965953.29
20-05-2024,7.7779,8.3248,7.708,8.2898,4796406.93
21-05-2024,8.2898,8.3336,7.76,7.8195,3255427.58
22-05-2024,7.8195,8.2677,7.7015,7.984,3474009.37
23-05-2024,7.984,8.1823,7.2413,7.6919,4358822.78
24-05-2024,7.6919,8.0708,7.5881,7.9087,2129488.23
25-05-2024,7.9087,8.2593,7.8595,8.2307,2240544.08
26-05-2024,8.2307,8.3779,7.7856,7.8129,2044296.19
27-05-2024,7.8129,7.9718,7.6967,7.8268,2095122.34
28-05-2024,7.8268,7.9985,7.5217,7.7061,3189751.43
29-05-2024,7.7061,7.8289,7.5381,7.5849,1573725.07
30-05-2024,7.5849,7.6552,7.2173,7.2829,1756520.46
31-05-2024,7.2829,7.4414,7.0806,7.2481,1842665.52
01-06-2024,7.2481,7.4665,7.1746,7.3769,773787.01
02-06-2024,7.3769,7.5003,7.12,7.1898,1248751.46
03-06-2024,7.1898,7.3854,7.09,7.1208,1345176.2
04-06-2024,7.1208,7.4715,7.0083,7.4195,1334175.87
05-06-2024,7.4195,7.7097,7.4195,7.6612,1478728.79
06-06-2024,7.6612,7.6823,7.2364,7.329,1525409.39
07-06-2024,7.329,7.4575,6.0224,6.8729,4462383.71
08-06-2024,6.8729,6.9072,6.4785,6.5676,1512486.83
09-06-2024,6.5676,6.6889,6.5136,6.5881,1034142.65
10-06-2024,6.5881,6.6383,6.34,6.3953,1943532.67
11-06-2024,6.3953,6.4076,6.0036,6.0644,3060209.84
12-06-2024,6.0644,6.7136,5.8681,6.4014,3177210.4
13-06-2024,6.4014,6.4057,5.8554,5.9201,2768500.97
14-06-2024,5.9201,6.0088,5.4,5.5883,3446490.88
15-06-2024,5.5883,5.7008,5.5096,5.6059,1222885.84
16-06-2024,5.6059,5.7391,5.4951,5.644,1232239.99
17-06-2024,5.644,5.7346,5,5.1691,2992420.95
18-06-2024,5.1691,5.189,4.4299,4.7271,5734735.42
19-06-2024,4.7271,5.1096,4.6629,4.9625,2721629
20-06-2024,4.9625,5.4992,4.92,5.1631,3672660.23
21-06-2024,5.1631,5.4427,5.091,5.4051,3634888.84
22-06-2024,5.4051,5.4283,5.112,5.1846,1736337.73
23-06-2024,5.1846,5.4489,5.1013,5.1927,2133569.21
24-06-2024,5.1927,5.6025,5.0259,5.3741,6631849.88
25-06-2024,5.3741,5.639,5.3094,5.4283,2915870.84
26-06-2024,5.4283,5.5174,5.1568,5.1775,2100173.51
27-06-2024,5.1775,5.3714,5.0737,5.2223,1914932.6
28-06-2024,5.2223,5.245,4.8581,4.9609,2089063.28
29-06-2024,4.9609,5.0493,4.9214,4.9627,1007587.5
30-06-2024,4.9627,5.3643,4.8763,5.3042,1801876.9
01-07-2024,5.3042,5.3939,5.21,5.267,1637903.44
02-07-2024,5.267,5.5979,5.2367,5.52,2481882.29
03-07-2024,5.52,5.5815,4.9873,5.0343,2664896.19
04-07-2024,5.0343,5.0913,4.6056,4.6198,4404584.7
05-07-2024,4.6198,4.6288,3.9524,4.4238,8247612.9
06-07-2024,4.4238,4.8522,4.3701,4.8096,1995238.1
07-07-2024,4.8096,4.8319,4.2966,4.398,2024219.35
08-07-2024,4.398,4.7575,4.1644,4.4671,3575667.84
09-07-2024,4.4671,4.607,4.3723,4.5339,2860250.68
10-07-2024,4.5339,4.7477,4.4576,4.6255,2019050.61
11-07-2024,4.6255,5.0584,4.5444,4.928,3645596.88
12-07-2024,4.928,5.1878,4.7443,5.1843,3492275.71
13-07-2024,5.1843,5.3362,5.1009,5.2028,1575052.42
14-07-2024,5.2028,5.4875,5.1957,5.3998,2196065.87
15-07-2024,5.3998,6.0001,5.3637,5.918,3595845.9
16-07-2024,5.918,6.2765,5.8616,6.2472,4374538.92
17-07-2024,6.2472,6.4901,6.0066,6.0689,2865798.14
18-07-2024,6.0689,6.26,5.8327,6.0379,2023177.06
19-07-2024,6.0379,6.4435,5.8501,6.4368,2291911.49
20-07-2024,6.4368,6.441,6.2365,6.2878,1113725.26
21-07-2024,6.2878,6.3811,5.914,6.3396,1939140.51
22-07-2024,6.3396,6.4615,5.9935,6.0284,1932046.2
23-07-2024,6.0284,6.0924,5.6929,5.7663,1321206.56
24-07-2024,5.7663,6.0077,5.5436,5.6198,1708212.73
25-07-2024,5.6198,5.7305,5.1327,5.4154,3965172.09
26-07-2024,5.4154,5.8221,5.3912,5.7196,1781135.88
27-07-2024,5.7196,5.941,5.528,5.6804,1459396.55
28-07-2024,5.6804,5.6804,5.3968,5.4439,799145.54
29-07-2024,5.4439,5.712,5.2613,5.2709,1879037.23
30-07-2024,5.2709,5.3726,5.0669,5.1518,1132729.84
31-07-2024,5.1518,5.299,4.9664,4.9916,1863570.38
01-08-2024,4.9916,5.1354,4.6343,4.9842,3247007.61
02-08-2024,4.9842,5.05,4.5744,4.6043,3376968.72
03-08-2024,4.6043,4.7281,4.2385,4.3647,2895891.68
04-08-2024,4.3647,4.45,3.9911,4.1335,2431890.36
05-08-2024,4.1335,4.1872,3.077,3.5243,17551416.11
06-08-2024,3.5243,3.8113,3.4946,3.6779,5502178.7
07-08-2024,3.6779,3.8788,3.5043,3.5695,6298421.62
08-08-2024,3.5695,4.0886,3.47,4.0649,4397915.39
09-08-2024,4.0649,4.1694,3.9136,4.0559,3719021.57
10-08-2024,4.0559,4.2581,3.9596,4.163,2877584.74
11-08-2024,4.163,4.22,3.836,3.8675,2976180.44
12-08-2024,3.8675,4.135,3.8294,4.1113,3494168.48
13-08-2024,4.1113,4.4138,3.9359,4.3062,3694910.42
14-08-2024,4.3062,4.3343,4.1078,4.1691,2426351.82
15-08-2024,4.1691,4.2513,3.934,4.0246,2986122.77
16-08-2024,4.0246,4.0728,3.8251,3.9677,3042409.58
17-08-2024,3.9677,4.0226,3.9305,3.9929,1282359.75
18-08-2024,3.9929,4.0651,3.8928,3.898,1727485.53
19-08-2024,3.898,4.0062,3.8328,4.0014,2135645.17
20-08-2024,4.0014,4.1475,3.9468,3.9995,1914183.26
21-08-2024,3.9995,4.3021,3.9599,4.2479,2496715.58
22-08-2024,4.2479,4.3855,4.166,4.3041,2449280.37
23-08-2024,4.3041,4.8547,4.3041,4.8412,6688968.98
24-08-2024,4.8412,5.2545,4.7405,5.0411,3501332.03
25-08-2024,5.0411,5.0764,4.7806,4.9174,3204630.05
26-08-2024,4.9174,5.0056,4.7037,4.7827,3399584.64
27-08-2024,4.7827,5.0112,4.4311,4.5279,4647880.17
28-08-2024,4.5279,4.6037,4.2172,4.3419,5120896.52
29-08-2024,4.3419,4.5424,4.0992,4.2107,4534880
30-08-2024,4.2107,4.3059,3.9333,4.1133,4149253.91
31-08-2024,4.1133,4.1628,3.9758,4.0327,1727319.16
01-09-2024,4.0327,4.0754,3.7977,3.8484,2937739.96
02-09-2024,3.8484,4.0302,3.8358,3.9889,3624591.65
03-09-2024,3.9889,4.0774,3.7099,3.7242,3490360.42
04-09-2024,3.7242,3.941,3.5512,3.8884,3287606.09
05-09-2024,3.8884,3.9252,3.6943,3.7103,2169735.02
06-09-2024,3.7103,3.8122,3.4227,3.548,3148743.99
07-09-2024,3.548,3.757,3.5428,3.6647,1584031.36
08-09-2024,3.6647,3.8199,3.6452,3.7538,1758574.37
09-09-2024,3.7538,4.1067,3.7514,4.0156,3000292.32
10-09-2024,4.0156,4.0834,3.9385,4.0332,1750968.34
11-09-2024,4.0332,4.0562,3.8175,3.9674,2867615.34
12-09-2024,3.9674,4.3034,3.9669,4.2475,3176705.61
13-09-2024,4.2475,4.3644,4.1157,4.2881,2594218.88
14-09-2024,4.2881,4.3071,4.1518,4.192,2313482.55
15-09-2024,4.192,4.262,3.9984,4.0154,1676097.62
16-09-2024,4.0154,4.031,3.8475,3.879,2357402.08
17-09-2024,3.879,4.3047,3.8316,4.1338,4284241.85
18-09-2024,4.1338,4.2579,3.9345,4.252,4519760.17
19-09-2024,4.252,4.5879,4.252,4.3653,6003783.38
20-09-2024,4.3653,4.5117,4.2576,4.3872,4461221.17
21-09-2024,4.3872,4.6936,4.2859,4.6654,2989425.72
22-09-2024,4.6654,4.6859,4.3808,4.5242,4061922.21
23-09-2024,4.5242,5.3602,4.3963,5.1773,9134661.63
24-09-2024,5.1773,5.3992,5.0555,5.3449,5873726.37
25-09-2024,5.3449,5.4615,5.1103,5.1457,5086354.17
26-09-2024,5.1457,5.8708,5.119,5.5479,6998776.44
27-09-2024,5.5479,5.7556,5.3618,5.4554,3903090.18
28-09-2024,5.4554,5.5792,5.3302,5.5639,2032098.53
29-09-2024,5.5639,5.628,5.3514,5.5015,2353117.28
30-09-2024,5.5015,5.5163,5.224,5.2861,3758868.11
01-10-2024,5.2861,5.5642,4.5918,4.8424,6579909.2
02-10-2024,4.8424,5.0062,4.5206,4.6264,4390157.89
03-10-2024,4.6264,4.7698,4.4176,4.6408,4645316.83
04-10-2024,4.6408,4.8615,4.5901,4.8287,3646873.73
05-10-2024,4.8287,4.8675,4.6342,4.7764,1988802.76
06-10-2024,4.7764,4.9683,4.7155,4.9484,1840420.91
07-10-2024,4.9484,5.3258,4.9161,5.0458,4677398.87
08-10-2024,5.0458,5.159,4.8547,4.893,3405710.41
09-10-2024,4.893,4.9862,4.5515,4.6079,2650029.18
10-10-2024,4.6079,4.6836,4.425,4.5952,2751726.84
11-10-2024,4.5952,4.8084,4.5482,4.7359,2662139.62
12-10-2024,4.7359,4.9216,4.6777,4.8476,2156323.75
13-10-2024,4.8476,4.8772,4.5612,4.7029,1763360.02
14-10-2024,4.7029,5.078,4.6275,5.0248,3723295.99
15-10-2024,5.0248,5.2827,4.8664,5.0653,5204432.46
16-10-2024,5.0653,5.0798,4.8862,4.946,2020228.91
17-10-2024,4.946,5.0368,4.6506,4.7697,2288810.49
18-10-2024,4.7697,4.9448,4.731,4.8964,1845866.04
19-10-2024,4.8964,4.9428,4.7586,4.8176,1112502.2
20-10-2024,4.8176,5.0181,4.711,4.9819,1467777.52
21-10-2024,4.9819,5.0587,4.7528,4.7796,1702414.39
22-10-2024,4.7796,4.8448,4.6224,4.6822,2037269.31
23-10-2024,4.6822,4.6919,4.448,4.6524,1709183.11
24-10-2024,4.6524,4.7829,4.5401,4.7201,2109011.7
25-10-2024,4.7201,4.7398,3.9559,4.1714,3203024.2
26-10-2024,4.1714,4.2774,4.0968,4.2371,1446663.88
27-10-2024,4.2371,4.3817,4.19,4.3075,843739.96
28-10-2024,4.3075,4.36,4.072,4.2975,2039693.15
29-10-2024,4.2975,4.5209,4.2878,4.4383,1926970.56
30-10-2024,4.4383,4.4411,4.2673,4.3125,1375399.65
31-10-2024,4.3125,4.3321,4.019,4.0541,1445651.34
01-11-2024,4.0541,4.1598,3.8638,3.9295,2178892.59
02-11-2024,3.9295,3.9889,3.7695,3.8101,1089486.2
03-11-2024,3.8101,3.8386,3.5553,3.6885,2139956.71
04-11-2024,3.6885,3.7592,3.5048,3.6197,2440216.45
05-11-2024,3.6197,3.9373,3.6104,3.8092,1895548.58
06-11-2024,3.8092,4.2901,3.8077,4.2351,3828168.72
07-11-2024,4.2351,4.3491,4.0863,4.228,2379006.05
08-11-2024,4.228,4.392,4.1352,4.3332,2876100.95
09-11-2024,4.3332,4.6959,4.24,4.6399,3497769.78
10-11-2024,4.6399,4.95,4.4438,4.7221,7352631.61
11-11-2024,4.7221,5.5826,4.6985,5.5632,9620997.43
12-11-2024,5.5632,5.7535,4.95,5.3392,9643698.86
13-11-2024,5.3392,5.5517,4.96,5.1703,8864491.2
14-11-2024,5.1703,5.6538,5.0129,5.4178,7407705.2
15-11-2024,5.4178,5.6783,5.1724,5.5574,5918134.13
16-11-2024,5.5574,6.3856,5.4539,5.947,5497995.62
17-11-2024,5.947,6.1571,5.6042,5.7046,4135783.79
18-11-2024,5.7046,6.3848,5.6492,6.0196,5671633.53
19-11-2024,6.0196,6.0997,5.611,5.7823,3193508.91
20-11-2024,5.7823,5.847,5.3353,5.4769,3031225.06
21-11-2024,5.4769,5.8568,5.2958,5.7881,5300787.79
22-11-2024,5.7881,6.1828,5.4823,6.1305,3848053.05
23-11-2024,6.1305,6.5796,6.0132,6.1871,5377003.75
24-11-2024,6.1871,7.0066,6.0049,6.8756,7210419.1
25-11-2024,6.8756,7.2506,6.3535,6.4617,6540435.04
26-11-2024,6.4617,6.6698,5.96,6.5189,4513777.25
27-11-2024,6.5189,6.8844,6.3933,6.816,4099809.91
28-11-2024,6.816,7.1705,6.4611,7.0148,3434642.54
29-11-2024,7.0148,7.0427,6.776,6.9584,2333398
30-11-2024,6.9584,7.2364,6.7746,7.0039,3177984.98
01-12-2024,7.0039,7.162,6.7684,6.9155,2449876.18
02-12-2024,6.9155,7.4963,6.4106,7.482,5034061.41
03-12-2024,7.482,7.6297,6.7303,7.3839,5947280.66
04-12-2024,7.3839,7.711,7.16,7.4687,3910680.52
05-12-2024,7.4687,8.0283,7.0305,7.6165,6065648.08
06-12-2024,7.6165,8.2441,7.5187,8.02,4662206.42
07-12-2024,8.02,8.0554,7.6433,7.7183,2933988.99
08-12-2024,7.7183,7.8606,7.4526,7.8223,2646243.24
09-12-2024,7.8223,7.8386,5.7514,6.5027,6383148.78
10-12-2024,6.5027,6.8271,5.9351,6.4242,6538124.96
